"period_from","period_to","mobile_reach","reach","reach_subscribers","mobile_views","views","visitors","subscribed","unsubscribed","likes","copies","hidden","comments"
2021-01-01 23:00:00,2021-01-02 22:59:59,0,0,0,0,0,0,0,0,0,0,0,0
2020-12-31 23:00:00,2021-01-01 22:59:59,16,22,4,10,15,13,2,1,0,0,0,0
2020-12-30 23:00:00,2020-12-31 22:59:59,13,18,5,9,12,9,2,2,0,0,0,0
2020-12-29 23:00:00,2020-12-30 22:59:59,19,28,9,16,30,22,3,2,0,0,0,0
2020-12-28 23:00:00,2020-12-29 22:59:59,67,81,59,13,15,12,2,0,0,0,0,0
2020-12-27 23:00:00,2020-12-28 22:59:59,149,204,186,10,15,13,2,1,3,0,0,0
2020-12-26 23:00:00,2020-12-27 22:59:59,102,135,107,10,17,17,2,1,0,0,0,0
2020-12-25 23:00:00,2020-12-26 22:59:59,90,135,115,7,22,16,0,0,1,0,0,0
2020-12-24 23:00:00,2020-12-25 22:59:59,15,24,7,9,14,11,3,0,0,0,0,0
2020-12-23 23:00:00,2020-12-24 22:59:59,15,18,1,3,7,7,1,0,0,0,0,0
2020-12-22 23:00:00,2020-12-23 22:59:59,21,30,6,8,17,12,3,1,1,1,0,0
2020-12-21 23:00:00,2020-12-22 22:59:59,90,115,83,17,31,22,3,0,0,0,0,0
2020-12-20 23:00:00,2020-12-21 22:59:59,171,219,186,4,15,10,0,1,9,2,0,0
2020-12-19 23:00:00,2020-12-20 22:59:59,159,188,116,11,21,17,4,1,4,0,1,0
2020-12-18 23:00:00,2020-12-19 22:59:59,192,264,192,15,26,22,0,1,2,0,0,0
2020-12-17 23:00:00,2020-12-18 22:59:59,18,26,1,15,26,19,4,3,0,0,0,0
2020-12-16 23:00:00,2020-12-17 22:59:59,12,17,1,13,17,14,2,0,0,0,0,0
2020-12-15 23:00:00,2020-12-16 22:59:59,13,25,1,8,15,13,2,1,0,0,0,0
2020-12-14 23:00:00,2020-12-15 22:59:59,15,20,3,9,17,14,1,2,0,0,0,0
2020-12-13 23:00:00,2020-12-14 22:59:59,15,25,3,7,13,12,0,0,0,0,0,0
2020-12-12 23:00:00,2020-12-13 22:59:59,11,17,1,4,10,9,0,3,0,0,0,0
2020-12-11 23:00:00,2020-12-12 22:59:59,18,23,3,10,16,15,2,1,0,0,0,0
2020-12-10 23:00:00,2020-12-11 22:59:59,14,19,4,5,11,9,2,1,1,0,0,0
2020-12-09 23:00:00,2020-12-10 22:59:59,15,20,3,10,12,12,2,0,1,0,0,0
2020-12-08 23:00:00,2020-12-09 22:59:59,39,60,39,9,21,17,2,0,0,0,0,0
2020-12-07 23:00:00,2020-12-08 22:59:59,121,166,141,14,21,19,3,0,0,0,0,0
2020-12-06 23:00:00,2020-12-07 22:59:59,15,26,2,13,23,15,2,1,0,0,0,0
2020-12-05 23:00:00,2020-12-06 22:59:59,21,26,5,9,12,12,4,0,0,0,0,0
2020-12-04 23:00:00,2020-12-05 22:59:59,51,63,35,11,18,17,1,1,0,0,0,0
2020-12-03 23:00:00,2020-12-04 22:59:59,116,155,104,10,16,14,0,2,0,0,0,0
2020-12-02 23:00:00,2020-12-03 22:59:59,46,57,42,5,9,9,2,0,0,0,0,0
2020-12-01 23:00:00,2020-12-02 22:59:59,101,150,126,12,23,20,2,1,0,0,0,0
2020-11-30 23:00:00,2020-12-01 22:59:59,80,99,85,6,11,11,1,0,1,0,0,0
2020-11-29 23:00:00,2020-11-30 22:59:59,180,236,217,12,17,14,0,1,2,0,0,0
2020-11-28 23:00:00,2020-11-29 22:59:59,16,25,5,3,11,10,0,1,1,1,0,0
2020-11-27 23:00:00,2020-11-28 22:59:59,9,19,5,4,8,5,0,1,0,0,0,0
2020-11-26 23:00:00,2020-11-27 22:59:59,74,114,95,7,15,10,1,0,0,0,1,0
2020-11-25 23:00:00,2020-11-26 22:59:59,13,17,3,1,3,3,1,0,0,0,0,0
2020-11-24 23:00:00,2020-11-25 22:59:59,14,27,7,5,12,9,2,1,1,0,0,0
2020-11-23 23:00:00,2020-11-24 22:59:59,27,31,6,16,21,19,2,2,2,0,0,0
2020-11-22 23:00:00,2020-11-23 22:59:59,23,33,5,16,24,18,2,1,0,0,0,0
2020-11-21 23:00:00,2020-11-22 22:59:59,77,126,97,14,27,24,6,1,0,0,0,0
2020-11-20 23:00:00,2020-11-21 22:59:59,17,25,2,11,21,19,1,0,0,0,0,0
2020-11-19 23:00:00,2020-11-20 22:59:59,15,20,2,6,13,13,2,1,0,0,0,0
2020-11-18 23:00:00,2020-11-19 22:59:59,12,18,3,6,10,9,3,2,0,0,0,0
2020-11-17 23:00:00,2020-11-18 22:59:59,13,23,2,10,19,14,3,1,0,0,0,0
2020-11-16 23:00:00,2020-11-17 22:59:59,20,27,1,13,20,19,1,0,0,0,0,0
2020-11-15 23:00:00,2020-11-16 22:59:59,14,21,4,12,18,16,1,0,0,0,0,0
2020-11-14 23:00:00,2020-11-15 22:59:59,21,29,6,11,22,20,3,0,0,0,0,0
2020-11-13 23:00:00,2020-11-14 22:59:59,9,19,1,5,10,7,1,0,0,0,0,0
2020-11-12 23:00:00,2020-11-13 22:59:59,11,14,1,9,12,12,0,1,0,0,0,0
2020-11-11 23:00:00,2020-11-12 22:59:59,16,21,7,8,12,12,1,1,0,0,0,0
2020-11-10 23:00:00,2020-11-11 22:59:59,17,23,4,12,22,20,3,1,1,0,0,0
2020-11-09 23:00:00,2020-11-10 22:59:59,24,29,7,9,13,13,0,1,0,0,0,0
2020-11-08 23:00:00,2020-11-09 22:59:59,23,38,3,10,22,19,3,1,2,0,0,0
2020-11-07 23:00:00,2020-11-08 22:59:59,17,33,5,11,27,26,2,1,0,0,0,0
2020-11-06 23:00:00,2020-11-07 22:59:59,21,28,3,19,29,24,2,2,5,0,0,0
2020-11-05 23:00:00,2020-11-06 22:59:59,17,34,5,14,26,21,2,1,2,1,0,0
2020-11-04 23:00:00,2020-11-05 22:59:59,16,28,6,15,28,21,6,0,0,0,0,0
2020-11-03 23:00:00,2020-11-04 22:59:59,32,54,22,10,21,18,1,2,1,0,0,0
2020-11-02 23:00:00,2020-11-03 22:59:59,57,73,34,17,27,26,3,2,0,0,0,0
2020-11-01 23:00:00,2020-11-02 22:59:59,53,91,66,17,37,27,2,2,3,0,0,0
2020-10-31 23:00:00,2020-11-01 22:59:59,125,291,262,14,21,16,6,1,2,0,0,0
2020-10-30 23:00:00,2020-10-31 22:59:59,9,22,6,4,15,11,1,0,0,0,0,0
2020-10-29 23:00:00,2020-10-30 22:59:59,62,76,58,12,15,12,4,0,0,0,0,0
2020-10-28 23:00:00,2020-10-29 22:59:59,161,210,189,10,19,18,3,1,1,0,0,0
2020-10-27 23:00:00,2020-10-28 22:59:59,112,162,136,13,27,22,2,0,2,0,0,0
2020-10-26 23:00:00,2020-10-27 22:59:59,17,24,5,11,15,13,5,2,0,0,0,0
2020-10-25 23:00:00,2020-10-26 22:59:59,23,36,4,13,31,25,4,1,2,0,0,0
2020-10-25 00:00:00,2020-10-25 22:59:59,24,39,10,20,27,21,1,2,0,0,0,0
2020-10-24 00:00:00,2020-10-24 23:59:59,28,38,23,10,19,15,3,0,0,0,0,0
2020-10-23 00:00:00,2020-10-23 23:59:59,92,132,108,14,20,19,4,0,1,0,1,0
2020-10-22 00:00:00,2020-10-22 23:59:59,12,20,6,7,12,11,4,0,1,0,0,0
2020-10-21 00:00:00,2020-10-21 23:59:59,19,24,2,14,20,17,2,0,0,0,0,0
2020-10-20 00:00:00,2020-10-20 23:59:59,23,32,7,15,24,19,4,2,1,0,0,0
2020-10-19 00:00:00,2020-10-19 23:59:59,25,35,6,18,28,25,3,2,0,0,0,0
2020-10-18 00:00:00,2020-10-18 23:59:59,23,28,5,23,27,19,1,4,0,0,0,0
2020-10-17 00:00:00,2020-10-17 23:59:59,20,34,7,12,26,23,0,1,0,0,0,0
2020-10-16 00:00:00,2020-10-16 23:59:59,42,57,27,12,25,21,4,0,1,0,0,0
2020-10-15 00:00:00,2020-10-15 23:59:59,146,173,133,26,33,25,2,0,3,0,0,0
2020-10-14 00:00:00,2020-10-14 23:59:59,132,180,130,21,32,30,5,3,0,0,0,0
2020-10-13 00:00:00,2020-10-13 23:59:59,42,57,30,6,19,16,3,0,1,1,0,0
2020-10-12 00:00:00,2020-10-12 23:59:59,67,122,96,12,15,15,2,0,1,0,0,0
2020-10-11 00:00:00,2020-10-11 23:59:59,121,259,207,17,32,26,3,4,3,0,0,0
2020-10-10 00:00:00,2020-10-10 23:59:59,19,23,1,16,21,17,1,1,0,0,0,0
2020-10-09 00:00:00,2020-10-09 23:59:59,18,27,5,14,28,25,2,1,0,0,0,0
2020-10-08 00:00:00,2020-10-08 23:59:59,26,33,6,19,26,24,4,0,1,0,0,0
2020-10-07 00:00:00,2020-10-07 23:59:59,20,28,2,10,18,16,2,0,0,0,0,0
2020-10-06 00:00:00,2020-10-06 23:59:59,30,37,5,19,22,21,4,1,0,0,0,0
2020-10-05 00:00:00,2020-10-05 23:59:59,20,28,6,12,17,11,0,1,0,0,0,0
2020-10-04 00:00:00,2020-10-04 23:59:59,23,26,3,17,22,21,3,2,0,0,0,0
2020-10-03 00:00:00,2020-10-03 23:59:59,23,33,5,25,34,24,4,2,0,0,0,0
2020-10-02 00:00:00,2020-10-02 23:59:59,13,21,8,4,9,9,3,1,0,0,0,0
2020-10-01 00:00:00,2020-10-01 23:59:59,61,80,66,12,18,12,0,5,0,0,0,0
2020-09-30 00:00:00,2020-09-30 23:59:59,140,197,178,12,20,15,3,1,1,0,0,0
2020-09-29 00:00:00,2020-09-29 23:59:59,102,149,119,11,28,26,1,2,2,1,0,0
2020-09-28 00:00:00,2020-09-28 23:59:59,21,30,5,16,27,24,3,3,1,0,0,0
2020-09-27 00:00:00,2020-09-27 23:59:59,16,29,5,12,22,19,3,3,0,0,0,0
2020-09-26 00:00:00,2020-09-26 23:59:59,21,28,5,12,23,19,0,1,0,0,0,0
2020-09-25 00:00:00,2020-09-25 23:59:59,32,44,8,15,24,22,4,1,0,0,0,0
2020-09-24 00:00:00,2020-09-24 23:59:59,53,68,46,12,19,14,3,1,3,0,0,0
2020-09-23 00:00:00,2020-09-23 23:59:59,0,0,0,0,0,0,0,0,0,0,0,0
2020-09-22 00:00:00,2020-09-22 23:59:59,0,0,0,0,0,0,0,0,0,0,0,0
2020-09-21 00:00:00,2020-09-21 23:59:59,0,0,0,0,0,0,0,0,0,0,0,0
2020-09-20 00:00:00,2020-09-20 23:59:59,0,0,0,0,0,0,0,0,0,0,0,0
2020-09-19 00:00:00,2020-09-19 23:59:59,0,0,0,0,0,0,0,0,0,0,0,0
2020-09-18 00:00:00,2020-09-18 23:59:59,0,0,0,0,0,0,0,0,0,0,0,0
2020-09-17 00:00:00,2020-09-17 23:59:59,0,0,0,0,0,0,0,0,0,0,0,0
2020-09-16 00:00:00,2020-09-16 23:59:59,0,0,0,0,0,0,0,0,0,0,0,0
2020-09-15 00:00:00,2020-09-15 23:59:59,0,0,0,0,0,0,0,0,0,0,0,0
2020-09-14 00:00:00,2020-09-14 23:59:59,0,0,0,0,0,0,0,0,0,0,0,0
2020-09-13 00:00:00,2020-09-13 23:59:59,0,0,0,0,0,0,0,0,0,0,0,0
2020-09-12 00:00:00,2020-09-12 23:59:59,0,0,0,0,0,0,0,0,0,0,0,0
2020-09-11 00:00:00,2020-09-11 23:59:59,0,0,0,0,0,0,0,0,0,0,0,0
2020-09-10 00:00:00,2020-09-10 23:59:59,0,0,0,0,0,0,0,0,0,0,0,0
2020-09-09 00:00:00,2020-09-09 23:59:59,0,0,0,0,0,0,0,0,0,0,0,0
2020-09-08 00:00:00,2020-09-08 23:59:59,0,0,0,0,0,0,0,0,0,0,0,0
2020-09-07 00:00:00,2020-09-07 23:59:59,0,0,0,0,0,0,0,0,0,0,0,0
2020-09-06 00:00:00,2020-09-06 23:59:59,0,0,0,0,0,0,0,0,0,0,0,0
2020-09-05 00:00:00,2020-09-05 23:59:59,0,0,0,0,0,0,0,0,0,0,0,0
2020-09-04 00:00:00,2020-09-04 23:59:59,0,0,0,0,0,0,0,0,0,0,0,0
2020-09-03 00:00:00,2020-09-03 23:59:59,0,0,0,0,0,0,0,0,0,0,0,0
2020-09-02 00:00:00,2020-09-02 23:59:59,0,0,0,0,0,0,0,0,0,0,0,0
2020-09-01 00:00:00,2020-09-01 23:59:59,0,0,0,0,0,0,0,0,0,0,0,0
2020-08-31 00:00:00,2020-08-31 23:59:59,0,0,0,0,0,0,0,0,0,0,0,0
2020-08-30 00:00:00,2020-08-30 23:59:59,0,0,0,0,0,0,0,0,0,0,0,0
2020-08-29 00:00:00,2020-08-29 23:59:59,0,0,0,0,0,0,0,0,0,0,0,0
2020-08-28 00:00:00,2020-08-28 23:59:59,0,0,0,0,0,0,0,0,0,0,0,0
2020-08-27 00:00:00,2020-08-27 23:59:59,0,0,0,0,0,0,0,0,0,0,0,0
2020-08-26 00:00:00,2020-08-26 23:59:59,0,0,0,0,0,0,0,0,0,0,0,0
2020-08-25 00:00:00,2020-08-25 23:59:59,0,0,0,0,0,0,0,0,0,0,0,0
2020-08-24 00:00:00,2020-08-24 23:59:59,0,0,0,0,0,0,0,0,0,0,0,0
2020-08-23 00:00:00,2020-08-23 23:59:59,0,0,0,0,0,0,0,0,0,0,0,0
2020-08-22 00:00:00,2020-08-22 23:59:59,0,0,0,0,0,0,0,0,0,0,0,0
2020-08-21 00:00:00,2020-08-21 23:59:59,0,0,0,0,0,0,0,0,0,0,0,0
2020-08-20 00:00:00,2020-08-20 23:59:59,0,0,0,0,0,0,0,0,0,0,0,0
2020-08-19 00:00:00,2020-08-19 23:59:59,0,0,0,0,0,0,0,0,0,0,0,0
2020-08-18 00:00:00,2020-08-18 23:59:59,0,0,0,0,0,0,0,0,0,0,0,0
2020-08-17 00:00:00,2020-08-17 23:59:59,0,0,0,0,0,0,0,0,0,0,0,0
2020-08-16 00:00:00,2020-08-16 23:59:59,0,0,0,0,0,0,0,0,0,0,0,0
2020-08-15 00:00:00,2020-08-15 23:59:59,0,0,0,0,0,0,0,0,0,0,0,0
2020-08-14 00:00:00,2020-08-14 23:59:59,0,0,0,0,0,0,0,0,0,0,0,0
2020-08-13 00:00:00,2020-08-13 23:59:59,0,0,0,0,0,0,0,0,0,0,0,0
2020-08-12 00:00:00,2020-08-12 23:59:59,0,0,0,0,0,0,0,0,0,0,0,0
2020-08-11 00:00:00,2020-08-11 23:59:59,0,0,0,0,0,0,0,0,0,0,0,0
2020-08-10 00:00:00,2020-08-10 23:59:59,0,0,0,0,0,0,0,0,0,0,0,0
2020-08-09 00:00:00,2020-08-09 23:59:59,0,0,0,0,0,0,0,0,0,0,0,0
2020-08-08 00:00:00,2020-08-08 23:59:59,0,0,0,0,0,0,0,0,0,0,0,0
2020-08-07 00:00:00,2020-08-07 23:59:59,0,0,0,0,0,0,0,0,0,0,0,0
2020-08-06 00:00:00,2020-08-06 23:59:59,0,0,0,0,0,0,0,0,0,0,0,0
2020-08-05 00:00:00,2020-08-05 23:59:59,0,0,0,0,0,0,0,0,0,0,0,0
2020-08-04 00:00:00,2020-08-04 23:59:59,0,0,0,0,0,0,0,0,0,0,0,0
2020-08-03 00:00:00,2020-08-03 23:59:59,0,0,0,0,0,0,0,0,0,0,0,0
2020-08-02 00:00:00,2020-08-02 23:59:59,0,0,0,0,0,0,0,0,0,0,0,0
2020-08-01 00:00:00,2020-08-01 23:59:59,0,0,0,0,0,0,0,0,0,0,0,0
2020-07-31 00:00:00,2020-07-31 23:59:59,0,0,0,0,0,0,0,0,0,0,0,0
2020-07-30 00:00:00,2020-07-30 23:59:59,0,0,0,0,0,0,0,0,0,0,0,0
2020-07-29 00:00:00,2020-07-29 23:59:59,0,0,0,0,0,0,0,0,0,0,0,0
2020-07-28 00:00:00,2020-07-28 23:59:59,0,0,0,0,0,0,0,0,0,0,0,0
2020-07-27 00:00:00,2020-07-27 23:59:59,0,0,0,0,0,0,0,0,0,0,0,0
2020-07-26 00:00:00,2020-07-26 23:59:59,0,0,0,0,0,0,0,0,0,0,0,0
2020-07-25 00:00:00,2020-07-25 23:59:59,0,0,0,0,0,0,0,0,0,0,0,0
2020-07-24 00:00:00,2020-07-24 23:59:59,0,0,0,0,0,0,0,0,0,0,0,0
2020-07-23 00:00:00,2020-07-23 23:59:59,0,0,0,0,0,0,0,0,0,0,0,0
2020-07-22 00:00:00,2020-07-22 23:59:59,0,0,0,0,0,0,0,0,0,0,0,0
2020-07-21 00:00:00,2020-07-21 23:59:59,0,0,0,0,0,0,0,0,0,0,0,0
2020-07-20 00:00:00,2020-07-20 23:59:59,0,0,0,0,0,0,0,0,0,0,0,0
2020-07-19 00:00:00,2020-07-19 23:59:59,0,0,0,0,0,0,0,0,0,0,0,0
2020-07-18 00:00:00,2020-07-18 23:59:59,0,0,0,0,0,0,0,0,0,0,0,0
2020-07-17 00:00:00,2020-07-17 23:59:59,0,0,0,0,0,0,0,0,0,0,0,0
2020-07-16 00:00:00,2020-07-16 23:59:59,0,0,0,0,0,0,0,0,0,0,0,0
2020-07-15 00:00:00,2020-07-15 23:59:59,0,0,0,0,0,0,0,0,0,0,0,0
2020-07-14 00:00:00,2020-07-14 23:59:59,0,0,0,0,0,0,0,0,0,0,0,0
2020-07-13 00:00:00,2020-07-13 23:59:59,0,0,0,0,0,0,0,0,0,0,0,0
2020-07-12 00:00:00,2020-07-12 23:59:59,0,0,0,0,0,0,0,0,0,0,0,0
2020-07-11 00:00:00,2020-07-11 23:59:59,0,0,0,0,0,0,0,0,0,0,0,0
2020-07-10 00:00:00,2020-07-10 23:59:59,0,0,0,0,0,0,0,0,0,0,0,0
2020-07-09 00:00:00,2020-07-09 23:59:59,0,0,0,0,0,0,0,0,0,0,0,0
2020-07-08 00:00:00,2020-07-08 23:59:59,0,0,0,0,0,0,0,0,0,0,0,0
2020-07-07 00:00:00,2020-07-07 23:59:59,0,0,0,0,0,0,0,0,0,0,0,0
2020-07-06 00:00:00,2020-07-06 23:59:59,0,0,0,0,0,0,0,0,0,0,0,0
2020-07-05 00:00:00,2020-07-05 23:59:59,0,0,0,0,0,0,0,0,0,0,0,0
2020-07-04 00:00:00,2020-07-04 23:59:59,0,0,0,0,0,0,0,0,0,0,0,0
2020-07-03 00:00:00,2020-07-03 23:59:59,0,0,0,0,0,0,0,0,0,0,0,0
2020-07-02 00:00:00,2020-07-02 23:59:59,0,0,0,0,0,0,0,0,0,0,0,0
2020-07-01 00:00:00,2020-07-01 23:59:59,0,0,0,0,0,0,0,0,0,0,0,0
2020-06-30 00:00:00,2020-06-30 23:59:59,0,0,0,0,0,0,0,0,0,0,0,0
2020-06-29 00:00:00,2020-06-29 23:59:59,0,0,0,0,0,0,0,0,0,0,0,0
2020-06-28 00:00:00,2020-06-28 23:59:59,0,0,0,0,0,0,0,0,0,0,0,0
2020-06-27 00:00:00,2020-06-27 23:59:59,0,0,0,0,0,0,0,0,0,0,0,0
2020-06-26 00:00:00,2020-06-26 23:59:59,0,0,0,0,0,0,0,0,0,0,0,0
2020-06-25 00:00:00,2020-06-25 23:59:59,0,0,0,0,0,0,0,0,0,0,0,0
2020-06-24 00:00:00,2020-06-24 23:59:59,0,0,0,0,0,0,0,0,0,0,0,0
2020-06-23 00:00:00,2020-06-23 23:59:59,0,0,0,0,0,0,0,0,0,0,0,0
2020-06-22 00:00:00,2020-06-22 23:59:59,0,0,0,0,0,0,0,0,0,0,0,0
2020-06-21 00:00:00,2020-06-21 23:59:59,0,0,0,0,0,0,0,0,0,0,0,0
2020-06-20 00:00:00,2020-06-20 23:59:59,0,0,0,0,0,0,0,0,0,0,0,0
2020-06-19 00:00:00,2020-06-19 23:59:59,0,0,0,0,0,0,0,0,0,0,0,0
2020-06-18 00:00:00,2020-06-18 23:59:59,0,0,0,0,0,0,0,0,0,0,0,0
2020-06-17 00:00:00,2020-06-17 23:59:59,0,0,0,0,0,0,0,0,0,0,0,0
2020-06-16 00:00:00,2020-06-16 23:59:59,0,0,0,0,0,0,0,0,0,0,0,0
2020-06-15 00:00:00,2020-06-15 23:59:59,10,17,4,1,7,5,2,2,0,0,0,0
2020-06-14 00:00:00,2020-06-14 23:59:59,13,16,5,9,14,11,4,1,0,0,0,0
2020-06-13 00:00:00,2020-06-13 23:59:59,33,44,6,6,12,11,0,0,0,0,0,0
2020-06-12 00:00:00,2020-06-12 23:59:59,16,27,13,6,10,10,1,1,1,0,0,0
2020-06-11 00:00:00,2020-06-11 23:59:59,12,26,8,2,8,7,1,1,0,0,0,0
2020-06-10 00:00:00,2020-06-10 23:59:59,46,67,41,2,17,11,2,2,0,0,0,0
2020-06-09 00:00:00,2020-06-09 23:59:59,77,97,66,3,6,6,0,1,1,0,0,0
2020-06-08 00:00:00,2020-06-08 23:59:59,262,322,278,5,18,12,4,2,2,0,0,0
2020-06-07 00:00:00,2020-06-07 23:59:59,78,109,86,6,10,10,1,1,2,1,0,0
2020-06-06 00:00:00,2020-06-06 23:59:59,14,19,4,8,14,10,2,4,0,0,0,0
2020-06-05 00:00:00,2020-06-05 23:59:59,15,22,8,3,5,5,1,0,1,0,0,0
2020-06-04 00:00:00,2020-06-04 23:59:59,66,88,69,4,15,14,0,2,0,0,0,0
2020-06-03 00:00:00,2020-06-03 23:59:59,108,151,130,11,20,17,1,1,1,0,0,0
2020-06-02 00:00:00,2020-06-02 23:59:59,9,24,5,3,18,17,2,0,0,0,0,0
2020-06-01 00:00:00,2020-06-01 23:59:59,14,23,11,5,14,10,0,1,0,0,0,0
2020-05-31 00:00:00,2020-05-31 23:59:59,144,160,145,5,12,9,2,1,0,0,0,0
2020-05-30 00:00:00,2020-05-30 23:59:59,187,254,231,16,22,17,3,0,3,0,0,0
2020-05-29 00:00:00,2020-05-29 23:59:59,115,163,143,3,6,6,0,0,2,0,1,0
2020-05-28 00:00:00,2020-05-28 23:59:59,84,186,151,10,13,12,1,1,2,0,0,0
2020-05-27 00:00:00,2020-05-27 23:59:59,125,256,233,8,16,12,3,1,3,1,0,0
2020-05-26 00:00:00,2020-05-26 23:59:59,6,15,4,2,5,4,0,0,0,0,0,0
2020-05-25 00:00:00,2020-05-25 23:59:59,23,31,10,11,16,14,2,4,0,0,0,0
2020-05-24 00:00:00,2020-05-24 23:59:59,19,25,3,13,17,13,2,5,2,0,0,0
2020-05-23 00:00:00,2020-05-23 23:59:59,23,34,10,10,15,14,4,2,0,0,0,0
2020-05-22 00:00:00,2020-05-22 23:59:59,24,31,8,8,14,13,1,1,4,0,0,0
2020-05-21 00:00:00,2020-05-21 23:59:59,15,22,5,10,17,13,1,1,0,0,0,0
2020-05-20 00:00:00,2020-05-20 23:59:59,10,16,1,3,10,8,0,0,0,0,0,0
2020-05-19 00:00:00,2020-05-19 23:59:59,14,25,6,4,10,10,2,0,0,0,0,0
2020-05-18 00:00:00,2020-05-18 23:59:59,18,29,7,6,18,16,0,0,0,0,0,0
2020-05-17 00:00:00,2020-05-17 23:59:59,18,28,6,10,12,11,2,0,0,0,0,0
2020-05-16 00:00:00,2020-05-16 23:59:59,8,15,2,0,1,1,0,0,0,0,0,0
2020-05-15 00:00:00,2020-05-15 23:59:59,9,14,4,4,5,5,1,1,0,0,0,0
2020-05-14 00:00:00,2020-05-14 23:59:59,16,23,3,5,13,9,1,0,4,0,0,0
2020-05-13 00:00:00,2020-05-13 23:59:59,11,21,5,7,12,10,1,1,0,0,0,0
2020-05-12 00:00:00,2020-05-12 23:59:59,23,33,3,4,15,13,2,2,0,0,0,0
2020-05-11 00:00:00,2020-05-11 23:59:59,15,21,4,5,14,11,3,0,0,0,0,0
2020-05-10 00:00:00,2020-05-10 23:59:59,30,38,7,12,18,15,0,1,0,0,0,0
2020-05-09 00:00:00,2020-05-09 23:59:59,15,23,6,8,12,11,3,1,0,0,0,0
2020-05-08 00:00:00,2020-05-08 23:59:59,16,24,4,7,11,10,1,1,0,0,0,0
2020-05-07 00:00:00,2020-05-07 23:59:59,11,19,6,3,10,10,1,1,0,0,0,0
2020-05-06 00:00:00,2020-05-06 23:59:59,57,84,62,7,13,12,1,3,0,0,0,0
2020-05-05 00:00:00,2020-05-05 23:59:59,139,173,153,2,5,5,0,1,2,0,0,0
2020-05-04 00:00:00,2020-05-04 23:59:59,19,35,6,9,15,10,2,2,0,0,0,0
2020-05-03 00:00:00,2020-05-03 23:59:59,18,31,2,6,6,6,0,1,0,0,0,0
2020-05-02 00:00:00,2020-05-02 23:59:59,30,37,6,11,17,13,3,0,2,0,0,0
2020-05-01 00:00:00,2020-05-01 23:59:59,13,25,6,4,9,7,3,4,0,0,0,0
2020-04-30 00:00:00,2020-04-30 23:59:59,21,32,9,5,10,9,2,1,0,0,0,0
2020-04-29 00:00:00,2020-04-29 23:59:59,16,31,9,6,17,14,1,1,1,0,0,0
2020-04-28 00:00:00,2020-04-28 23:59:59,13,22,7,6,15,12,5,0,0,0,0,0
2020-04-27 00:00:00,2020-04-27 23:59:59,18,26,10,7,9,8,0,1,0,0,0,0
2020-04-26 00:00:00,2020-04-26 23:59:59,56,74,48,10,16,14,0,4,1,0,0,0
2020-04-25 00:00:00,2020-04-25 23:59:59,176,249,219,7,18,17,1,2,0,0,0,0
2020-04-24 00:00:00,2020-04-24 23:59:59,14,21,6,2,12,11,0,0,0,0,0,0
2020-04-23 00:00:00,2020-04-23 23:59:59,13,20,5,6,12,12,0,2,0,0,0,0
2020-04-22 00:00:00,2020-04-22 23:59:59,25,38,11,6,11,10,2,1,0,0,0,0
2020-04-21 00:00:00,2020-04-21 23:59:59,54,69,49,9,12,11,0,1,0,0,0,0
2020-04-20 00:00:00,2020-04-20 23:59:59,119,164,125,6,12,9,2,2,0,0,1,0
2020-04-19 00:00:00,2020-04-19 23:59:59,17,30,7,2,8,5,3,1,2,0,0,0
2020-04-18 00:00:00,2020-04-18 23:59:59,20,27,7,6,11,10,1,1,1,0,0,0
2020-04-17 00:00:00,2020-04-17 23:59:59,18,30,3,4,12,12,2,1,2,1,0,0
2020-04-16 00:00:00,2020-04-16 23:59:59,21,28,9,11,14,13,0,2,0,0,0,0
2020-04-15 00:00:00,2020-04-15 23:59:59,14,29,10,10,11,8,2,1,2,0,0,0
2020-04-14 00:00:00,2020-04-14 23:59:59,63,79,54,7,13,11,4,0,0,0,0,0
2020-04-13 00:00:00,2020-04-13 23:59:59,158,209,190,4,11,8,1,3,0,0,0,0
2020-04-12 00:00:00,2020-04-12 23:59:59,193,252,228,7,18,13,1,3,0,0,0,0
2020-04-11 00:00:00,2020-04-11 23:59:59,33,42,10,10,17,16,0,1,1,1,0,0
2020-04-10 00:00:00,2020-04-10 23:59:59,19,31,6,4,7,7,1,1,0,0,0,0
2020-04-09 00:00:00,2020-04-09 23:59:59,16,20,7,11,17,12,3,2,0,0,0,0
2020-04-08 00:00:00,2020-04-08 23:59:59,18,34,6,7,13,11,1,2,0,0,0,0
2020-04-07 00:00:00,2020-04-07 23:59:59,22,31,9,13,27,25,3,3,0,0,0,0
2020-04-06 00:00:00,2020-04-06 23:59:59,18,24,7,9,15,14,1,2,0,0,0,0
2020-04-05 00:00:00,2020-04-05 23:59:59,12,25,6,9,21,15,2,1,1,0,0,0
2020-04-04 00:00:00,2020-04-04 23:59:59,18,33,8,14,24,18,2,0,0,0,0,0
2020-04-03 00:00:00,2020-04-03 23:59:59,16,23,4,9,16,15,3,0,0,0,0,0
2020-04-02 00:00:00,2020-04-02 23:59:59,25,31,6,13,15,13,3,3,0,0,0,0
2020-04-01 00:00:00,2020-04-01 23:59:59,74,97,73,5,9,9,1,2,1,0,0,0
2020-03-31 00:00:00,2020-03-31 23:59:59,130,189,169,4,8,8,1,0,0,0,0,0
2020-03-30 00:00:00,2020-03-30 23:59:59,19,32,9,8,14,14,1,1,0,0,0,0
2020-03-28 23:00:00,2020-03-29 23:59:59,19,29,8,11,18,16,2,0,1,0,0,0
2020-03-27 23:00:00,2020-03-28 22:59:59,42,54,19,9,13,11,0,3,0,0,0,0
2020-03-26 23:00:00,2020-03-27 22:59:59,20,37,13,7,13,12,2,2,1,1,0,0
2020-03-25 23:00:00,2020-03-26 22:59:59,20,32,9,5,13,11,1,1,0,0,0,0
2020-03-24 23:00:00,2020-03-25 22:59:59,54,71,52,12,14,12,3,2,1,0,0,0
2020-03-23 23:00:00,2020-03-24 22:59:59,106,154,127,7,15,13,1,0,1,0,0,0
2020-03-22 23:00:00,2020-03-23 22:59:59,16,26,8,7,14,11,2,4,0,0,0,0
2020-03-21 23:00:00,2020-03-22 22:59:59,30,44,10,10,19,14,1,3,0,0,0,0
2020-03-20 23:00:00,2020-03-21 22:59:59,17,31,7,14,16,11,2,1,0,0,0,0
2020-03-19 23:00:00,2020-03-20 22:59:59,35,52,15,13,18,13,1,2,0,0,0,0
2020-03-18 23:00:00,2020-03-19 22:59:59,60,82,47,16,24,20,0,0,0,0,0,0
2020-03-17 23:00:00,2020-03-18 22:59:59,144,190,137,5,13,11,1,0,4,0,3,0
2020-03-16 23:00:00,2020-03-17 22:59:59,345,385,32,9,12,9,2,0,1,0,7,0
2020-03-15 23:00:00,2020-03-16 22:59:59,841,923,93,8,13,12,2,0,6,2,9,0
2020-03-14 23:00:00,2020-03-15 22:59:59,878,978,316,10,16,12,2,0,28,2,7,0
2020-03-13 23:00:00,2020-03-14 22:59:59,22,29,9,5,13,12,1,3,1,0,0,0
2020-03-12 23:00:00,2020-03-13 22:59:59,12,16,3,8,20,11,1,0,0,0,0,0
2020-03-11 23:00:00,2020-03-12 22:59:59,9,18,6,4,9,7,0,0,1,0,0,0
2020-03-10 23:00:00,2020-03-11 22:59:59,15,24,5,3,8,7,1,0,1,0,0,0
2020-03-09 23:00:00,2020-03-10 22:59:59,8,16,2,3,14,10,1,0,1,0,0,0
2020-03-08 23:00:00,2020-03-09 22:59:59,12,18,4,12,16,12,0,5,0,0,0,0
2020-03-07 23:00:00,2020-03-08 22:59:59,22,35,10,6,18,12,5,1,0,0,0,0
2020-03-06 23:00:00,2020-03-07 22:59:59,0,0,0,0,0,0,0,0,0,0,0,0
2020-03-05 23:00:00,2020-03-06 22:59:59,0,0,0,0,0,0,0,0,0,0,0,0
2020-03-04 23:00:00,2020-03-05 22:59:59,0,0,0,0,0,0,0,0,0,0,0,0
2020-03-03 23:00:00,2020-03-04 22:59:59,0,0,0,0,0,0,0,0,0,0,0,0
2020-03-02 23:00:00,2020-03-03 22:59:59,0,0,0,0,0,0,0,0,0,0,0,0
2020-03-01 23:00:00,2020-03-02 22:59:59,0,0,0,0,0,0,0,0,0,0,0,0
2020-02-29 23:00:00,2020-03-01 22:59:59,0,0,0,0,0,0,0,0,0,0,0,0
2020-02-28 23:00:00,2020-02-29 22:59:59,0,0,0,0,0,0,0,0,0,0,0,0
2020-02-27 23:00:00,2020-02-28 22:59:59,0,0,0,0,0,0,0,0,0,0,0,0
2020-02-26 23:00:00,2020-02-27 22:59:59,0,0,0,0,0,0,0,0,0,0,0,0
2020-02-25 23:00:00,2020-02-26 22:59:59,0,0,0,0,0,0,0,0,0,0,0,0
2020-02-24 23:00:00,2020-02-25 22:59:59,0,0,0,0,0,0,0,0,0,0,0,0
2020-02-23 23:00:00,2020-02-24 22:59:59,0,0,0,0,0,0,0,0,0,0,0,0
2020-02-22 23:00:00,2020-02-23 22:59:59,0,0,0,0,0,0,0,0,0,0,0,0
2020-02-21 23:00:00,2020-02-22 22:59:59,0,0,0,0,0,0,0,0,0,0,0,0
2020-02-20 23:00:00,2020-02-21 22:59:59,0,0,0,0,0,0,0,0,0,0,0,0
2020-02-19 23:00:00,2020-02-20 22:59:59,0,0,0,0,0,0,0,0,0,0,0,0
2020-02-18 23:00:00,2020-02-19 22:59:59,0,0,0,0,0,0,0,0,0,0,0,0
2020-02-17 23:00:00,2020-02-18 22:59:59,0,0,0,0,0,0,0,0,0,0,0,0
2020-02-16 23:00:00,2020-02-17 22:59:59,0,0,0,0,0,0,0,0,0,0,0,0
2020-02-15 23:00:00,2020-02-16 22:59:59,0,0,0,0,0,0,0,0,0,0,0,0
2020-02-14 23:00:00,2020-02-15 22:59:59,0,0,0,0,0,0,0,0,0,0,0,0
2020-02-13 23:00:00,2020-02-14 22:59:59,0,0,0,0,0,0,0,0,0,0,0,0
2020-02-12 23:00:00,2020-02-13 22:59:59,0,0,0,0,0,0,0,0,0,0,0,0
2020-02-11 23:00:00,2020-02-12 22:59:59,0,0,0,0,0,0,0,0,0,0,0,0
2020-02-10 23:00:00,2020-02-11 22:59:59,0,0,0,0,0,0,0,0,0,0,0,0
2020-02-09 23:00:00,2020-02-10 22:59:59,0,0,0,0,0,0,0,0,0,0,0,0
2020-02-08 23:00:00,2020-02-09 22:59:59,0,0,0,0,0,0,0,0,0,0,0,0
2020-02-07 23:00:00,2020-02-08 22:59:59,0,0,0,0,0,0,0,0,0,0,0,0
2020-02-06 23:00:00,2020-02-07 22:59:59,0,0,0,0,0,0,0,0,0,0,0,0
2020-02-05 23:00:00,2020-02-06 22:59:59,0,0,0,0,0,0,0,0,0,0,0,0
2020-02-04 23:00:00,2020-02-05 22:59:59,0,0,0,0,0,0,0,0,0,0,0,0
2020-02-03 23:00:00,2020-02-04 22:59:59,0,0,0,0,0,0,0,0,0,0,0,0
2020-02-02 23:00:00,2020-02-03 22:59:59,0,0,0,0,0,0,0,0,0,0,0,0
2020-02-01 23:00:00,2020-02-02 22:59:59,0,0,0,0,0,0,0,0,0,0,0,0
2020-01-31 23:00:00,2020-02-01 22:59:59,0,0,0,0,0,0,0,0,0,0,0,0
2020-01-30 23:00:00,2020-01-31 22:59:59,0,0,0,0,0,0,0,0,0,0,0,0
2020-01-29 23:00:00,2020-01-30 22:59:59,0,0,0,0,0,0,0,0,0,0,0,0
2020-01-28 23:00:00,2020-01-29 22:59:59,0,0,0,0,0,0,0,0,0,0,0,0
2020-01-27 23:00:00,2020-01-28 22:59:59,0,0,0,0,0,0,0,0,0,0,0,0
2020-01-26 23:00:00,2020-01-27 22:59:59,0,0,0,0,0,0,0,0,0,0,0,0
2020-01-25 23:00:00,2020-01-26 22:59:59,0,0,0,0,0,0,0,0,0,0,0,0
2020-01-24 23:00:00,2020-01-25 22:59:59,0,0,0,0,0,0,0,0,0,0,0,0
2020-01-23 23:00:00,2020-01-24 22:59:59,0,0,0,0,0,0,0,0,0,0,0,0
2020-01-22 23:00:00,2020-01-23 22:59:59,0,0,0,0,0,0,0,0,0,0,0,0
2020-01-21 23:00:00,2020-01-22 22:59:59,0,0,0,0,0,0,0,0,0,0,0,0
2020-01-20 23:00:00,2020-01-21 22:59:59,0,0,0,0,0,0,0,0,0,0,0,0
2020-01-19 23:00:00,2020-01-20 22:59:59,0,0,0,0,0,0,0,0,0,0,0,0
2020-01-18 23:00:00,2020-01-19 22:59:59,0,0,0,0,0,0,0,0,0,0,0,0
2020-01-17 23:00:00,2020-01-18 22:59:59,0,0,0,0,0,0,0,0,0,0,0,0
2020-01-16 23:00:00,2020-01-17 22:59:59,0,0,0,0,0,0,0,0,0,0,0,0
2020-01-15 23:00:00,2020-01-16 22:59:59,0,0,0,0,0,0,0,0,0,0,0,0
2020-01-14 23:00:00,2020-01-15 22:59:59,0,0,0,0,0,0,0,0,0,0,0,0
2020-01-13 23:00:00,2020-01-14 22:59:59,0,0,0,0,0,0,0,0,0,0,0,0
2020-01-12 23:00:00,2020-01-13 22:59:59,0,0,0,0,0,0,0,0,0,0,0,0
2020-01-11 23:00:00,2020-01-12 22:59:59,0,0,0,0,0,0,0,0,0,0,0,0
2020-01-10 23:00:00,2020-01-11 22:59:59,0,0,0,0,0,0,0,0,0,0,0,0
2020-01-09 23:00:00,2020-01-10 22:59:59,0,0,0,0,0,0,0,0,0,0,0,0
2020-01-08 23:00:00,2020-01-09 22:59:59,0,0,0,0,0,0,0,0,0,0,0,0
2020-01-07 23:00:00,2020-01-08 22:59:59,0,0,0,0,0,0,0,0,0,0,0,0
2020-01-06 23:00:00,2020-01-07 22:59:59,0,0,0,0,0,0,0,0,0,0,0,0
2020-01-05 23:00:00,2020-01-06 22:59:59,0,0,0,0,0,0,0,0,0,0,0,0
2020-01-04 23:00:00,2020-01-05 22:59:59,0,0,0,0,0,0,0,0,0,0,0,0
2020-01-03 23:00:00,2020-01-04 22:59:59,0,0,0,0,0,0,0,0,0,0,0,0
2020-01-02 23:00:00,2020-01-03 22:59:59,0,0,0,0,0,0,0,0,0,0,0,0
2020-01-01 23:00:00,2020-01-02 22:59:59,0,0,0,0,0,0,0,0,0,0,0,0
2019-12-31 23:00:00,2020-01-01 22:59:59,0,0,0,0,0,0,0,0,0,0,0,0
2019-12-30 23:00:00,2019-12-31 22:59:59,0,0,0,0,0,0,0,0,0,0,0,0
2019-12-29 23:00:00,2019-12-30 22:59:59,0,0,0,0,0,0,0,0,0,0,0,0
2019-12-28 23:00:00,2019-12-29 22:59:59,0,0,0,0,0,0,0,0,0,0,0,0
2019-12-27 23:00:00,2019-12-28 22:59:59,0,0,0,0,0,0,0,0,0,0,0,0
2019-12-26 23:00:00,2019-12-27 22:59:59,0,0,0,0,0,0,0,0,0,0,0,0
2019-12-25 23:00:00,2019-12-26 22:59:59,0,0,0,0,0,0,0,0,0,0,0,0
2019-12-24 23:00:00,2019-12-25 22:59:59,0,0,0,0,0,0,0,0,0,0,0,0
2019-12-23 23:00:00,2019-12-24 22:59:59,0,0,0,0,0,0,0,0,0,0,0,0
2019-12-22 23:00:00,2019-12-23 22:59:59,0,0,0,0,0,0,0,0,0,0,0,0
2019-12-21 23:00:00,2019-12-22 22:59:59,0,0,0,0,0,0,0,0,0,0,0,0
2019-12-20 23:00:00,2019-12-21 22:59:59,0,0,0,0,0,0,0,0,0,0,0,0
2019-12-19 23:00:00,2019-12-20 22:59:59,0,0,0,0,0,0,0,0,0,0,0,0
2019-12-18 23:00:00,2019-12-19 22:59:59,0,0,0,0,0,0,0,0,0,0,0,0
2019-12-17 23:00:00,2019-12-18 22:59:59,0,0,0,0,0,0,0,0,0,0,0,0
2019-12-16 23:00:00,2019-12-17 22:59:59,0,0,0,0,0,0,0,0,0,0,0,0
2019-12-15 23:00:00,2019-12-16 22:59:59,0,0,0,0,0,0,0,0,0,0,0,0
2019-12-14 23:00:00,2019-12-15 22:59:59,0,0,0,0,0,0,0,0,0,0,0,0
2019-12-13 23:00:00,2019-12-14 22:59:59,0,0,0,0,0,0,0,0,0,0,0,0
2019-12-12 23:00:00,2019-12-13 22:59:59,0,0,0,0,0,0,0,0,0,0,0,0
2019-12-11 23:00:00,2019-12-12 22:59:59,0,0,0,0,0,0,0,0,0,0,0,0
2019-12-10 23:00:00,2019-12-11 22:59:59,0,0,0,0,0,0,0,0,0,0,0,0
2019-12-09 23:00:00,2019-12-10 22:59:59,0,0,0,0,0,0,0,0,0,0,0,0
2019-12-08 23:00:00,2019-12-09 22:59:59,0,0,0,0,0,0,0,0,0,0,0,0
2019-12-07 23:00:00,2019-12-08 22:59:59,0,0,0,0,0,0,0,0,0,0,0,0
2019-12-06 23:00:00,2019-12-07 22:59:59,0,0,0,0,0,0,0,0,0,0,0,0
2019-12-05 23:00:00,2019-12-06 22:59:59,0,0,0,0,0,0,0,0,0,0,0,0
2019-12-04 23:00:00,2019-12-05 22:59:59,0,0,0,0,0,0,0,0,0,0,0,0
2019-12-03 23:00:00,2019-12-04 22:59:59,0,0,0,0,0,0,0,0,0,0,0,0
2019-12-02 23:00:00,2019-12-03 22:59:59,0,0,0,0,0,0,0,0,0,0,0,0
2019-12-01 23:00:00,2019-12-02 22:59:59,0,0,0,0,0,0,0,0,0,0,0,0
2019-11-30 23:00:00,2019-12-01 22:59:59,0,0,0,0,0,0,0,0,0,0,0,0
2019-11-29 23:00:00,2019-11-30 22:59:59,0,0,0,0,0,0,0,0,0,0,0,0
2019-11-28 23:00:00,2019-11-29 22:59:59,0,0,0,0,0,0,0,0,0,0,0,0
2019-11-27 23:00:00,2019-11-28 22:59:59,16,23,5,8,12,8,0,0,0,0,0,0
2019-11-26 23:00:00,2019-11-27 22:59:59,19,27,8,8,12,10,0,2,0,0,0,0
2019-11-25 23:00:00,2019-11-26 22:59:59,68,101,73,16,24,15,2,2,0,0,0,0
2019-11-24 23:00:00,2019-11-25 22:59:59,113,163,143,6,10,8,1,1,1,0,0,0
2019-11-23 23:00:00,2019-11-24 22:59:59,34,47,9,7,14,12,2,3,1,1,0,0
2019-11-22 23:00:00,2019-11-23 22:59:59,43,55,32,8,12,11,2,1,1,0,0,0
2019-11-21 23:00:00,2019-11-22 22:59:59,136,195,166,15,21,18,1,0,0,0,0,0
2019-11-20 23:00:00,2019-11-21 22:59:59,106,146,131,3,10,9,3,1,2,0,0,0
2019-11-19 23:00:00,2019-11-20 22:59:59,184,283,252,12,21,14,3,0,0,0,0,0
2019-11-18 23:00:00,2019-11-19 22:59:59,23,34,6,9,14,13,1,1,0,0,0,0
2019-11-17 23:00:00,2019-11-18 22:59:59,19,34,18,6,14,13,1,4,0,1,0,0
2019-11-16 23:00:00,2019-11-17 22:59:59,24,39,13,9,12,12,0,1,0,0,0,0
2019-11-15 23:00:00,2019-11-16 22:59:59,56,76,52,11,22,17,3,0,1,0,0,0
2019-11-14 23:00:00,2019-11-15 22:59:59,136,190,171,9,16,14,0,0,2,0,0,0
2019-11-13 23:00:00,2019-11-14 22:59:59,97,150,133,17,27,20,2,1,0,0,0,0
2019-11-12 23:00:00,2019-11-13 22:59:59,24,33,7,10,19,15,2,0,1,0,0,0
2019-11-11 23:00:00,2019-11-12 22:59:59,74,91,75,10,16,14,1,1,1,0,0,0
2019-11-10 23:00:00,2019-11-11 22:59:59,152,214,187,20,28,20,3,2,1,0,0,0
2019-11-09 23:00:00,2019-11-10 22:59:59,7,16,4,7,13,10,1,2,0,0,0,0
2019-11-08 23:00:00,2019-11-09 22:59:59,17,25,9,7,13,10,1,0,0,0,0,0
2019-11-07 23:00:00,2019-11-08 22:59:59,18,31,10,5,14,14,0,3,2,0,0,0
2019-11-06 23:00:00,2019-11-07 22:59:59,19,32,8,7,12,11,2,0,1,0,0,0
2019-11-05 23:00:00,2019-11-06 22:59:59,30,45,23,11,15,11,1,1,0,0,0,0
2019-11-04 23:00:00,2019-11-05 22:59:59,119,177,154,8,16,13,3,3,1,0,0,0
2019-11-03 23:00:00,2019-11-04 22:59:59,17,23,8,4,7,7,0,2,0,0,0,0
2019-11-02 23:00:00,2019-11-03 22:59:59,36,42,9,15,21,19,0,2,0,0,0,0
2019-11-01 23:00:00,2019-11-02 22:59:59,26,35,7,12,18,13,3,1,0,0,0,0
2019-10-31 23:00:00,2019-11-01 22:59:59,20,26,8,11,15,14,1,0,0,0,0,0
2019-10-30 23:00:00,2019-10-31 22:59:59,74,101,76,12,24,17,2,1,1,0,0,0
2019-10-29 23:00:00,2019-10-30 22:59:59,179,267,226,7,17,14,2,1,1,0,2,0
2019-10-28 23:00:00,2019-10-29 22:59:59,45,54,12,8,13,9,2,0,2,0,2,0
2019-10-27 23:00:00,2019-10-28 22:59:59,89,117,40,9,16,15,0,1,1,0,5,0
2019-10-27 00:00:00,2019-10-27 22:59:59,212,287,211,17,25,18,3,2,5,1,2,0
2019-10-26 00:00:00,2019-10-26 23:59:59,20,32,4,8,20,17,4,3,1,0,0,0
2019-10-25 00:00:00,2019-10-25 23:59:59,23,33,9,8,28,19,2,4,0,0,0,0
2019-10-24 00:00:00,2019-10-24 23:59:59,35,52,30,10,22,18,0,1,0,0,0,0
2019-10-23 00:00:00,2019-10-23 23:59:59,133,177,153,18,27,19,0,2,0,0,0,0
2019-10-22 00:00:00,2019-10-22 23:59:59,22,33,7,9,21,17,0,3,2,0,0,0
2019-10-21 00:00:00,2019-10-21 23:59:59,21,32,8,10,17,16,2,1,0,0,0,0
2019-10-20 00:00:00,2019-10-20 23:59:59,47,60,42,9,11,11,0,1,0,0,0,0
2019-10-19 00:00:00,2019-10-19 23:59:59,152,198,166,11,21,15,2,0,2,0,0,0
2019-10-18 00:00:00,2019-10-18 23:59:59,15,32,11,4,11,10,2,0,0,0,0,0
2019-10-17 00:00:00,2019-10-17 23:59:59,110,147,123,6,17,15,1,0,0,0,0,0
2019-10-16 00:00:00,2019-10-16 23:59:59,255,346,320,8,15,13,1,1,4,0,0,0
2019-10-15 00:00:00,2019-10-15 23:59:59,153,214,187,10,21,18,0,2,1,0,0,0
2019-10-14 00:00:00,2019-10-14 23:59:59,151,212,184,12,20,17,1,1,0,0,0,0
2019-10-13 00:00:00,2019-10-13 23:59:59,27,34,7,20,24,17,4,3,0,0,2,0
2019-10-12 00:00:00,2019-10-12 23:59:59,21,31,9,3,15,15,2,2,0,0,0,0
2019-10-11 00:00:00,2019-10-11 23:59:59,83,107,75,10,22,21,0,1,0,0,0,0
2019-10-10 00:00:00,2019-10-10 23:59:59,215,292,232,9,25,17,2,0,3,1,0,0
2019-10-09 00:00:00,2019-10-09 23:59:59,186,246,206,13,30,26,1,1,4,1,0,0
2019-10-08 00:00:00,2019-10-08 23:59:59,165,255,220,18,37,26,1,0,2,0,0,0
2019-10-07 00:00:00,2019-10-07 23:59:59,137,185,155,11,20,19,1,2,0,0,0,0
2019-10-06 00:00:00,2019-10-06 23:59:59,24,36,5,14,26,22,2,1,0,0,0,0
2019-10-05 00:00:00,2019-10-05 23:59:59,17,26,7,7,16,16,1,0,1,0,0,0
2019-10-04 00:00:00,2019-10-04 23:59:59,20,29,7,2,12,11,0,0,0,0,0,0
2019-10-03 00:00:00,2019-10-03 23:59:59,19,29,9,9,19,15,0,1,0,0,0,0
2019-10-02 00:00:00,2019-10-02 23:59:59,56,71,51,14,26,17,0,1,0,0,0,0
2019-10-01 00:00:00,2019-10-01 23:59:59,209,289,267,8,12,11,2,2,2,0,1,0
2019-09-30 00:00:00,2019-09-30 23:59:59,178,250,223,11,15,13,1,0,4,1,0,0
2019-09-29 00:00:00,2019-09-29 23:59:59,28,42,15,12,20,17,0,1,0,0,0,0
2019-09-28 00:00:00,2019-09-28 23:59:59,60,86,58,6,19,16,0,1,1,0,0,0
2019-09-27 00:00:00,2019-09-27 23:59:59,126,176,146,8,15,10,0,3,0,0,1,0
2019-09-26 00:00:00,2019-09-26 23:59:59,19,33,13,12,17,12,1,0,0,0,0,0
2019-09-25 00:00:00,2019-09-25 23:59:59,103,131,105,15,20,16,2,4,0,0,0,0
2019-09-24 00:00:00,2019-09-24 23:59:59,227,314,291,10,18,16,0,3,5,0,0,0
2019-09-23 00:00:00,2019-09-23 23:59:59,29,39,7,14,22,19,2,1,2,2,0,0
2019-09-22 00:00:00,2019-09-22 23:59:59,33,45,9,17,23,18,0,2,1,0,0,0
2019-09-21 00:00:00,2019-09-21 23:59:59,19,30,4,10,17,14,1,0,0,0,0,0
2019-09-20 00:00:00,2019-09-20 23:59:59,19,31,8,5,9,7,1,1,0,0,0,0
2019-09-19 00:00:00,2019-09-19 23:59:59,15,19,4,7,12,11,2,3,0,0,0,0
2019-09-18 00:00:00,2019-09-18 23:59:59,9,16,4,2,9,8,0,0,0,0,0,0
2019-09-17 00:00:00,2019-09-17 23:59:59,30,40,7,7,15,13,0,0,0,0,0,0
2019-09-16 00:00:00,2019-09-16 23:59:59,19,29,7,6,17,11,1,2,4,0,0,0
2019-09-15 00:00:00,2019-09-15 23:59:59,23,33,6,6,15,15,0,2,0,0,0,0
2019-09-14 00:00:00,2019-09-14 23:59:59,27,35,11,13,15,12,0,1,6,0,0,0
2019-09-13 00:00:00,2019-09-13 23:59:59,37,57,17,7,12,11,1,3,8,2,0,0
2019-09-12 00:00:00,2019-09-12 23:59:59,71,97,75,14,25,17,1,1,1,0,0,0
2019-09-11 00:00:00,2019-09-11 23:59:59,214,275,252,12,18,16,3,0,5,0,0,0
2019-09-10 00:00:00,2019-09-10 23:59:59,78,111,95,7,20,16,1,0,1,0,0,0
2019-09-09 00:00:00,2019-09-09 23:59:59,102,145,128,11,14,12,0,1,0,0,0,0
2019-09-08 00:00:00,2019-09-08 23:59:59,22,31,7,24,27,17,2,2,0,0,0,0
2019-09-07 00:00:00,2019-09-07 23:59:59,17,22,6,0,5,4,0,0,0,0,0,0
2019-09-06 00:00:00,2019-09-06 23:59:59,23,27,8,7,9,9,0,1,0,0,0,0
2019-09-05 00:00:00,2019-09-05 23:59:59,94,122,95,7,15,15,1,0,1,0,0,0
2019-09-04 00:00:00,2019-09-04 23:59:59,219,318,292,9,20,19,2,2,0,0,0,0
2019-09-03 00:00:00,2019-09-03 23:59:59,15,24,7,6,10,8,0,1,1,0,0,0
2019-09-02 00:00:00,2019-09-02 23:59:59,25,33,8,12,18,16,0,2,0,0,0,0
2019-09-01 00:00:00,2019-09-01 23:59:59,15,23,4,1,4,4,0,1,0,0,0,0
2019-08-31 00:00:00,2019-08-31 23:59:59,11,16,1,6,12,8,1,1,0,0,1,0
2019-08-30 00:00:00,2019-08-30 23:59:59,14,28,7,13,23,18,3,2,1,0,0,0
2019-08-29 00:00:00,2019-08-29 23:59:59,15,23,7,13,17,9,0,2,0,0,0,0
2019-08-28 00:00:00,2019-08-28 23:59:59,17,26,8,18,24,15,3,3,0,0,0,0
2019-08-27 00:00:00,2019-08-27 23:59:59,27,33,10,20,25,20,2,3,0,0,0,0
2019-08-26 00:00:00,2019-08-26 23:59:59,23,34,12,14,18,17,0,0,0,0,0,0
2019-08-25 00:00:00,2019-08-25 23:59:59,55,75,54,8,12,10,0,1,0,0,0,0
2019-08-24 00:00:00,2019-08-24 23:59:59,168,217,188,14,24,23,0,1,3,0,0,0
2019-08-23 00:00:00,2019-08-23 23:59:59,27,38,13,9,13,13,1,1,0,0,0,0
2019-08-22 00:00:00,2019-08-22 23:59:59,71,85,10,13,20,16,3,1,0,0,2,0
2019-08-21 00:00:00,2019-08-21 23:59:59,119,136,17,10,11,10,3,1,0,0,6,0
2019-08-20 00:00:00,2019-08-20 23:59:59,0,0,0,0,0,0,0,0,0,0,0,0
2019-08-19 00:00:00,2019-08-19 23:59:59,0,0,0,0,0,0,0,0,0,0,0,0
2019-08-18 00:00:00,2019-08-18 23:59:59,0,0,0,0,0,0,0,0,0,0,0,0
2019-08-17 00:00:00,2019-08-17 23:59:59,0,0,0,0,0,0,0,0,0,0,0,0
2019-08-16 00:00:00,2019-08-16 23:59:59,0,0,0,0,0,0,0,0,0,0,0,0
2019-08-15 00:00:00,2019-08-15 23:59:59,0,0,0,0,0,0,0,0,0,0,0,0
2019-08-14 00:00:00,2019-08-14 23:59:59,0,0,0,0,0,0,0,0,0,0,0,0
2019-08-13 00:00:00,2019-08-13 23:59:59,0,0,0,0,0,0,0,0,0,0,0,0
2019-08-12 00:00:00,2019-08-12 23:59:59,0,0,0,0,0,0,0,0,0,0,0,0
2019-08-11 00:00:00,2019-08-11 23:59:59,0,0,0,0,0,0,0,0,0,0,0,0
2019-08-10 00:00:00,2019-08-10 23:59:59,0,0,0,0,0,0,0,0,0,0,0,0
2019-08-09 00:00:00,2019-08-09 23:59:59,0,0,0,0,0,0,0,0,0,0,0,0
2019-08-08 00:00:00,2019-08-08 23:59:59,0,0,0,0,0,0,0,0,0,0,0,0
2019-08-07 00:00:00,2019-08-07 23:59:59,0,0,0,0,0,0,0,0,0,0,0,0
2019-08-06 00:00:00,2019-08-06 23:59:59,0,0,0,0,0,0,0,0,0,0,0,0
2019-08-05 00:00:00,2019-08-05 23:59:59,0,0,0,0,0,0,0,0,0,0,0,0
2019-08-04 00:00:00,2019-08-04 23:59:59,0,0,0,0,0,0,0,0,0,0,0,0
2019-08-03 00:00:00,2019-08-03 23:59:59,0,0,0,0,0,0,0,0,0,0,0,0
2019-08-02 00:00:00,2019-08-02 23:59:59,0,0,0,0,0,0,0,0,0,0,0,0
2019-08-01 00:00:00,2019-08-01 23:59:59,0,0,0,0,0,0,0,0,0,0,0,0
2019-07-31 00:00:00,2019-07-31 23:59:59,0,0,0,0,0,0,0,0,0,0,0,0
2019-07-30 00:00:00,2019-07-30 23:59:59,0,0,0,0,0,0,0,0,0,0,0,0
2019-07-29 00:00:00,2019-07-29 23:59:59,0,0,0,0,0,0,0,0,0,0,0,0
2019-07-28 00:00:00,2019-07-28 23:59:59,0,0,0,0,0,0,0,0,0,0,0,0
2019-07-27 00:00:00,2019-07-27 23:59:59,0,0,0,0,0,0,0,0,0,0,0,0
2019-07-26 00:00:00,2019-07-26 23:59:59,0,0,0,0,0,0,0,0,0,0,0,0
2019-07-25 00:00:00,2019-07-25 23:59:59,0,0,0,0,0,0,0,0,0,0,0,0
2019-07-24 00:00:00,2019-07-24 23:59:59,0,0,0,0,0,0,0,0,0,0,0,0
2019-07-23 00:00:00,2019-07-23 23:59:59,0,0,0,0,0,0,0,0,0,0,0,0
2019-07-22 00:00:00,2019-07-22 23:59:59,0,0,0,0,0,0,0,0,0,0,0,0
2019-07-21 00:00:00,2019-07-21 23:59:59,0,0,0,0,0,0,0,0,0,0,0,0
2019-07-20 00:00:00,2019-07-20 23:59:59,0,0,0,0,0,0,0,0,0,0,0,0
2019-07-19 00:00:00,2019-07-19 23:59:59,0,0,0,0,0,0,0,0,0,0,0,0
2019-07-18 00:00:00,2019-07-18 23:59:59,0,0,0,0,0,0,0,0,0,0,0,0
2019-07-17 00:00:00,2019-07-17 23:59:59,0,0,0,0,0,0,0,0,0,0,0,0
2019-07-16 00:00:00,2019-07-16 23:59:59,0,0,0,0,0,0,0,0,0,0,0,0
2019-07-15 00:00:00,2019-07-15 23:59:59,0,0,0,0,0,0,0,0,0,0,0,0
2019-07-14 00:00:00,2019-07-14 23:59:59,0,0,0,0,0,0,0,0,0,0,0,0
2019-07-13 00:00:00,2019-07-13 23:59:59,0,0,0,0,0,0,0,0,0,0,0,0
2019-07-12 00:00:00,2019-07-12 23:59:59,0,0,0,0,0,0,0,0,0,0,0,0
2019-07-11 00:00:00,2019-07-11 23:59:59,0,0,0,0,0,0,0,0,0,0,0,0
2019-07-10 00:00:00,2019-07-10 23:59:59,0,0,0,0,0,0,0,0,0,0,0,0
2019-07-09 00:00:00,2019-07-09 23:59:59,0,0,0,0,0,0,0,0,0,0,0,0
2019-07-08 00:00:00,2019-07-08 23:59:59,0,0,0,0,0,0,0,0,0,0,0,0
2019-07-07 00:00:00,2019-07-07 23:59:59,0,0,0,0,0,0,0,0,0,0,0,0
2019-07-06 00:00:00,2019-07-06 23:59:59,0,0,0,0,0,0,0,0,0,0,0,0
2019-07-05 00:00:00,2019-07-05 23:59:59,0,0,0,0,0,0,0,0,0,0,0,0
2019-07-04 00:00:00,2019-07-04 23:59:59,0,0,0,0,0,0,0,0,0,0,0,0
2019-07-03 00:00:00,2019-07-03 23:59:59,0,0,0,0,0,0,0,0,0,0,0,0
2019-07-02 00:00:00,2019-07-02 23:59:59,0,0,0,0,0,0,0,0,0,0,0,0
2019-07-01 00:00:00,2019-07-01 23:59:59,0,0,0,0,0,0,0,0,0,0,0,0
2019-06-30 00:00:00,2019-06-30 23:59:59,0,0,0,0,0,0,0,0,0,0,0,0
2019-06-29 00:00:00,2019-06-29 23:59:59,0,0,0,0,0,0,0,0,0,0,0,0
2019-06-28 00:00:00,2019-06-28 23:59:59,0,0,0,0,0,0,0,0,0,0,0,0
2019-06-27 00:00:00,2019-06-27 23:59:59,0,0,0,0,0,0,0,0,0,0,0,0
2019-06-26 00:00:00,2019-06-26 23:59:59,0,0,0,0,0,0,0,0,0,0,0,0
2019-06-25 00:00:00,2019-06-25 23:59:59,0,0,0,0,0,0,0,0,0,0,0,0
2019-06-24 00:00:00,2019-06-24 23:59:59,0,0,0,0,0,0,0,0,0,0,0,0
2019-06-23 00:00:00,2019-06-23 23:59:59,0,0,0,0,0,0,0,0,0,0,0,0
2019-06-22 00:00:00,2019-06-22 23:59:59,0,0,0,0,0,0,0,0,0,0,0,0
2019-06-21 00:00:00,2019-06-21 23:59:59,0,0,0,0,0,0,0,0,0,0,0,0
2019-06-20 00:00:00,2019-06-20 23:59:59,0,0,0,0,0,0,0,0,0,0,0,0
2019-06-19 00:00:00,2019-06-19 23:59:59,0,0,0,0,0,0,0,0,0,0,0,0
2019-06-18 00:00:00,2019-06-18 23:59:59,0,0,0,0,0,0,0,0,0,0,0,0
2019-06-17 00:00:00,2019-06-17 23:59:59,0,0,0,0,0,0,0,0,0,0,0,0
2019-06-16 00:00:00,2019-06-16 23:59:59,0,0,0,0,0,0,0,0,0,0,0,0
2019-06-15 00:00:00,2019-06-15 23:59:59,0,0,0,0,0,0,0,0,0,0,0,0
2019-06-14 00:00:00,2019-06-14 23:59:59,0,0,0,0,0,0,0,0,0,0,0,0
2019-06-13 00:00:00,2019-06-13 23:59:59,0,0,0,0,0,0,0,0,0,0,0,0
2019-06-12 00:00:00,2019-06-12 23:59:59,0,0,0,0,0,0,0,0,0,0,0,0
2019-06-11 00:00:00,2019-06-11 23:59:59,0,0,0,0,0,0,0,0,0,0,0,0
2019-06-10 00:00:00,2019-06-10 23:59:59,0,0,0,0,0,0,0,0,0,0,0,0
2019-06-09 00:00:00,2019-06-09 23:59:59,0,0,0,0,0,0,0,0,0,0,0,0
2019-06-08 00:00:00,2019-06-08 23:59:59,0,0,0,0,0,0,0,0,0,0,0,0
2019-06-07 00:00:00,2019-06-07 23:59:59,0,0,0,0,0,0,0,0,0,0,0,0
2019-06-06 00:00:00,2019-06-06 23:59:59,0,0,0,0,0,0,0,0,0,0,0,0
2019-06-05 00:00:00,2019-06-05 23:59:59,0,0,0,0,0,0,0,0,0,0,0,0
2019-06-04 00:00:00,2019-06-04 23:59:59,0,0,0,0,0,0,0,0,0,0,0,0
2019-06-03 00:00:00,2019-06-03 23:59:59,0,0,0,0,0,0,0,0,0,0,0,0
2019-06-02 00:00:00,2019-06-02 23:59:59,0,0,0,0,0,0,0,0,0,0,0,0
2019-06-01 00:00:00,2019-06-01 23:59:59,0,0,0,0,0,0,0,0,0,0,0,0
2019-05-31 00:00:00,2019-05-31 23:59:59,0,0,0,0,0,0,0,0,0,0,0,0
2019-05-30 00:00:00,2019-05-30 23:59:59,0,0,0,0,0,0,0,0,0,0,0,0
2019-05-29 00:00:00,2019-05-29 23:59:59,0,0,0,0,0,0,0,0,0,0,0,0
2019-05-28 00:00:00,2019-05-28 23:59:59,0,0,0,0,0,0,0,0,0,0,0,0
2019-05-27 00:00:00,2019-05-27 23:59:59,0,0,0,0,0,0,0,0,0,0,0,0
2019-05-26 00:00:00,2019-05-26 23:59:59,0,0,0,0,0,0,0,0,0,0,0,0
2019-05-25 00:00:00,2019-05-25 23:59:59,0,0,0,0,0,0,0,0,0,0,0,0
2019-05-24 00:00:00,2019-05-24 23:59:59,0,0,0,0,0,0,0,0,0,0,0,0
2019-05-23 00:00:00,2019-05-23 23:59:59,0,0,0,0,0,0,0,0,0,0,0,0
2019-05-22 00:00:00,2019-05-22 23:59:59,0,0,0,0,0,0,0,0,0,0,0,0
2019-05-21 00:00:00,2019-05-21 23:59:59,0,0,0,0,0,0,0,0,0,0,0,0
2019-05-20 00:00:00,2019-05-20 23:59:59,0,0,0,0,0,0,0,0,0,0,0,0
2019-05-19 00:00:00,2019-05-19 23:59:59,0,0,0,0,0,0,0,0,0,0,0,0
2019-05-18 00:00:00,2019-05-18 23:59:59,0,0,0,0,0,0,0,0,0,0,0,0
2019-05-17 00:00:00,2019-05-17 23:59:59,0,0,0,0,0,0,0,0,0,0,0,0
2019-05-16 00:00:00,2019-05-16 23:59:59,0,0,0,0,0,0,0,0,0,0,0,0
2019-05-15 00:00:00,2019-05-15 23:59:59,0,0,0,0,0,0,0,0,0,0,0,0
2019-05-14 00:00:00,2019-05-14 23:59:59,0,0,0,0,0,0,0,0,0,0,0,0
2019-05-13 00:00:00,2019-05-13 23:59:59,0,0,0,0,0,0,0,0,0,0,0,0
2019-05-12 00:00:00,2019-05-12 23:59:59,200,295,265,17,29,23,2,3,2,1,0,0
2019-05-11 00:00:00,2019-05-11 23:59:59,172,251,218,8,47,19,0,2,0,0,0,0
2019-05-10 00:00:00,2019-05-10 23:59:59,38,47,13,10,17,17,1,2,1,0,0,0
2019-05-09 00:00:00,2019-05-09 23:59:59,63,89,58,19,31,21,2,5,1,0,0,0
2019-05-08 00:00:00,2019-05-08 23:59:59,260,356,311,18,28,17,3,2,4,1,0,0
2019-05-07 00:00:00,2019-05-07 23:59:59,248,335,303,8,17,15,0,5,2,0,0,0
2019-05-06 00:00:00,2019-05-06 23:59:59,297,413,360,22,41,23,1,3,5,1,0,0
2019-05-05 00:00:00,2019-05-05 23:59:59,24,39,10,13,28,18,2,2,1,0,0,0
2019-05-04 00:00:00,2019-05-04 23:59:59,31,47,14,7,15,15,0,1,1,0,0,0
2019-05-03 00:00:00,2019-05-03 23:59:59,27,35,13,10,15,12,0,0,1,0,0,0
2019-05-02 00:00:00,2019-05-02 23:59:59,36,50,18,25,32,23,2,2,2,0,0,0
2019-05-01 00:00:00,2019-05-01 23:59:59,96,126,101,14,21,17,3,5,2,0,0,0
2019-04-30 00:00:00,2019-04-30 23:59:59,196,290,257,20,28,23,3,1,4,0,0,0
2019-04-29 00:00:00,2019-04-29 23:59:59,37,54,13,18,24,19,2,4,0,0,0,0
2019-04-28 00:00:00,2019-04-28 23:59:59,46,66,9,8,18,15,2,2,3,1,0,0
2019-04-27 00:00:00,2019-04-27 23:59:59,65,95,6,6,23,16,3,4,0,0,0,0
2019-04-26 00:00:00,2019-04-26 23:59:59,118,145,26,17,31,21,3,3,0,0,0,0
2019-04-25 00:00:00,2019-04-25 23:59:59,214,267,110,10,16,12,4,2,4,0,0,0
2019-04-24 00:00:00,2019-04-24 23:59:59,356,489,300,22,25,22,1,1,2,0,0,1
2019-04-23 00:00:00,2019-04-23 23:59:59,588,680,369,24,33,25,2,1,8,0,0,0
2019-04-22 00:00:00,2019-04-22 23:59:59,1198,1448,1319,25,47,35,3,4,13,3,0,0
2019-04-21 00:00:00,2019-04-21 23:59:59,78,91,63,10,17,15,0,1,0,0,1,0
2019-04-20 00:00:00,2019-04-20 23:59:59,221,289,259,16,47,22,3,4,2,0,0,0
2019-04-19 00:00:00,2019-04-19 23:59:59,72,110,80,42,67,16,0,2,3,0,0,0
2019-04-18 00:00:00,2019-04-18 23:59:59,23,40,9,6,14,13,3,1,2,0,0,0
2019-04-17 00:00:00,2019-04-17 23:59:59,32,38,13,19,25,19,6,4,0,0,0,0
2019-04-16 00:00:00,2019-04-16 23:59:59,24,34,7,15,18,15,4,0,0,0,0,0
2019-04-15 00:00:00,2019-04-15 23:59:59,30,45,11,20,38,21,5,1,0,0,0,0
2019-04-14 00:00:00,2019-04-14 23:59:59,24,33,6,12,22,18,1,4,2,0,0,0
2019-04-13 00:00:00,2019-04-13 23:59:59,29,48,11,40,57,22,0,0,1,0,0,0
2019-04-12 00:00:00,2019-04-12 23:59:59,24,38,8,27,35,18,4,2,0,0,0,0
2019-04-11 00:00:00,2019-04-11 23:59:59,28,41,6,22,37,22,1,1,2,0,0,0
2019-04-10 00:00:00,2019-04-10 23:59:59,32,45,17,25,34,23,2,3,0,0,0,0
2019-04-09 00:00:00,2019-04-09 23:59:59,94,118,75,18,35,29,3,2,8,0,0,0
2019-04-08 00:00:00,2019-04-08 23:59:59,284,395,364,11,22,14,0,3,4,0,0,0
2019-04-07 00:00:00,2019-04-07 23:59:59,36,50,10,19,31,25,4,3,1,0,0,0
2019-04-06 00:00:00,2019-04-06 23:59:59,24,34,8,9,16,12,1,0,2,0,0,0
2019-04-05 00:00:00,2019-04-05 23:59:59,27,37,7,13,21,12,1,2,0,0,0,0
2019-04-04 00:00:00,2019-04-04 23:59:59,24,34,8,6,15,11,0,0,0,0,0,0
2019-04-03 00:00:00,2019-04-03 23:59:59,29,40,2,12,17,14,2,0,0,0,0,0
2019-04-02 00:00:00,2019-04-02 23:59:59,32,42,12,8,15,12,0,2,1,0,0,0
2019-04-01 00:00:00,2019-04-01 23:59:59,218,267,234,20,28,19,3,2,3,0,0,0
2019-03-30 23:00:00,2019-03-31 23:59:59,159,222,195,9,13,13,3,2,5,1,0,0
2019-03-29 23:00:00,2019-03-30 22:59:59,36,56,19,21,34,20,3,5,0,0,0,0
2019-03-28 23:00:00,2019-03-29 22:59:59,38,58,24,20,27,19,3,5,2,0,0,0
2019-03-27 23:00:00,2019-03-28 22:59:59,151,214,162,36,51,33,2,0,4,0,0,0
2019-03-26 23:00:00,2019-03-27 22:59:59,191,297,239,7,24,18,2,0,1,0,0,0
2019-03-25 23:00:00,2019-03-26 22:59:59,40,56,17,37,43,26,5,2,1,0,0,0
2019-03-24 23:00:00,2019-03-25 22:59:59,47,68,27,21,30,24,4,0,0,0,0,0
2019-03-23 23:00:00,2019-03-24 22:59:59,195,249,206,16,30,23,0,3,1,1,0,0
2019-03-22 23:00:00,2019-03-23 22:59:59,225,301,250,23,36,33,0,3,7,0,0,0
2019-03-21 23:00:00,2019-03-22 22:59:59,27,44,7,12,24,19,1,6,1,1,0,0
2019-03-20 23:00:00,2019-03-21 22:59:59,42,66,12,10,20,18,0,4,1,0,0,0
2019-03-19 23:00:00,2019-03-20 22:59:59,64,95,26,13,20,17,1,1,1,1,0,0
2019-03-18 23:00:00,2019-03-19 22:59:59,337,473,315,11,22,17,2,4,11,6,0,0
2019-03-17 23:00:00,2019-03-18 22:59:59,385,504,401,16,29,24,1,1,8,3,0,0
2019-03-16 23:00:00,2019-03-17 22:59:59,42,58,14,15,24,16,2,1,2,0,0,0
2019-03-15 23:00:00,2019-03-16 22:59:59,106,138,14,19,32,24,2,2,0,0,0,0
2019-03-14 23:00:00,2019-03-15 22:59:59,199,244,105,18,39,24,3,1,2,0,0,0
2019-03-13 23:00:00,2019-03-14 22:59:59,235,331,173,14,22,18,4,5,1,0,0,0
2019-03-12 23:00:00,2019-03-13 22:59:59,197,238,36,17,28,23,4,0,1,0,0,0
2019-03-11 23:00:00,2019-03-12 22:59:59,707,842,473,16,30,25,4,3,5,1,1,0
2019-03-10 23:00:00,2019-03-11 22:59:59,754,966,866,10,29,26,1,5,6,1,0,0
2019-03-09 23:00:00,2019-03-10 22:59:59,35,41,9,11,20,16,1,0,0,0,0,0
2019-03-08 23:00:00,2019-03-09 22:59:59,33,45,9,29,33,22,2,3,0,0,0,0
2019-03-07 23:00:00,2019-03-08 22:59:59,33,43,10,8,15,13,1,1,1,0,1,0
2019-03-06 23:00:00,2019-03-07 22:59:59,40,53,4,16,22,16,6,3,0,0,0,0
2019-03-05 23:00:00,2019-03-06 22:59:59,42,60,14,14,29,26,2,3,2,1,0,0
2019-03-04 23:00:00,2019-03-05 22:59:59,29,41,10,8,11,11,2,1,1,0,0,0
2019-03-03 23:00:00,2019-03-04 22:59:59,23,39,8,12,24,22,4,2,4,0,0,0
2019-03-02 23:00:00,2019-03-03 22:59:59,37,51,11,25,43,37,3,1,0,0,0,0
2019-03-01 23:00:00,2019-03-02 22:59:59,26,33,4,12,20,19,3,2,0,0,0,0
2019-02-28 23:00:00,2019-03-01 22:59:59,28,47,8,12,26,18,2,5,1,0,0,0
2019-02-27 23:00:00,2019-02-28 22:59:59,30,39,8,11,15,13,1,2,0,0,0,0
2019-02-26 23:00:00,2019-02-27 22:59:59,35,52,15,20,36,20,4,1,0,0,0,0
2019-02-25 23:00:00,2019-02-26 22:59:59,38,54,23,28,45,33,1,2,1,0,0,0
2019-02-24 23:00:00,2019-02-25 22:59:59,41,59,11,15,27,15,5,3,5,0,0,0
2019-02-23 23:00:00,2019-02-24 22:59:59,31,52,14,23,39,29,4,5,0,0,0,0
2019-02-22 23:00:00,2019-02-23 22:59:59,41,56,10,15,27,18,4,2,0,0,0,0
2019-02-21 23:00:00,2019-02-22 22:59:59,41,62,20,13,24,17,1,1,3,1,0,0
2019-02-20 23:00:00,2019-02-21 22:59:59,127,173,113,17,23,23,0,1,1,0,0,0
2019-02-19 23:00:00,2019-02-20 22:59:59,250,360,296,15,21,18,4,2,1,0,0,0
2019-02-18 23:00:00,2019-02-19 22:59:59,188,277,240,10,19,15,1,2,3,0,0,0
2019-02-17 23:00:00,2019-02-18 22:59:59,188,277,234,18,27,24,3,2,3,0,0,0
2019-02-16 23:00:00,2019-02-17 22:59:59,60,85,39,22,33,25,6,3,1,0,0,0
2019-02-15 23:00:00,2019-02-16 22:59:59,206,295,252,12,22,17,1,0,1,1,0,0
2019-02-14 23:00:00,2019-02-15 22:59:59,35,55,17,16,38,25,5,5,3,0,0,0
2019-02-13 23:00:00,2019-02-14 22:59:59,47,70,33,14,26,19,1,1,1,0,0,0
2019-02-12 23:00:00,2019-02-13 22:59:59,321,402,324,19,30,26,3,2,12,3,0,0
2019-02-11 23:00:00,2019-02-12 22:59:59,538,784,645,16,31,19,2,1,27,2,2,0
2019-02-10 23:00:00,2019-02-11 22:59:59,316,406,145,27,33,24,2,2,5,0,0,0
2019-02-09 23:00:00,2019-02-10 22:59:59,357,483,341,24,34,21,2,1,5,1,0,0
2019-02-08 23:00:00,2019-02-09 22:59:59,273,375,338,23,32,23,2,6,13,1,0,0
2019-02-07 23:00:00,2019-02-08 22:59:59,185,266,232,13,19,15,1,2,0,0,0,0
2019-02-06 23:00:00,2019-02-07 22:59:59,50,82,49,32,42,27,4,2,1,0,0,0
2019-02-05 23:00:00,2019-02-06 22:59:59,226,319,282,12,24,21,3,4,1,0,0,0
2019-02-04 23:00:00,2019-02-05 22:59:59,112,172,131,13,22,18,7,1,1,0,0,0
2019-02-03 23:00:00,2019-02-04 22:59:59,36,54,10,14,21,20,2,4,0,0,0,0
2019-02-02 23:00:00,2019-02-03 22:59:59,30,42,13,24,35,25,7,5,1,0,0,0
2019-02-01 23:00:00,2019-02-02 22:59:59,43,66,19,18,31,25,4,1,5,0,0,0
2019-01-31 23:00:00,2019-02-01 22:59:59,0,0,0,0,0,0,0,0,0,0,0,0
2019-01-30 23:00:00,2019-01-31 22:59:59,0,0,0,0,0,0,0,0,0,0,0,0
2019-01-29 23:00:00,2019-01-30 22:59:59,0,0,0,0,0,0,0,0,0,0,0,0
2019-01-28 23:00:00,2019-01-29 22:59:59,0,0,0,0,0,0,0,0,0,0,0,0
2019-01-27 23:00:00,2019-01-28 22:59:59,0,0,0,0,0,0,0,0,0,0,0,0
2019-01-26 23:00:00,2019-01-27 22:59:59,0,0,0,0,0,0,0,0,0,0,0,0
2019-01-25 23:00:00,2019-01-26 22:59:59,0,0,0,0,0,0,0,0,0,0,0,0
2019-01-24 23:00:00,2019-01-25 22:59:59,0,0,0,0,0,0,0,0,0,0,0,0
2019-01-23 23:00:00,2019-01-24 22:59:59,0,0,0,0,0,0,0,0,0,0,0,0
2019-01-22 23:00:00,2019-01-23 22:59:59,0,0,0,0,0,0,0,0,0,0,0,0
2019-01-21 23:00:00,2019-01-22 22:59:59,0,0,0,0,0,0,0,0,0,0,0,0
2019-01-20 23:00:00,2019-01-21 22:59:59,0,0,0,0,0,0,0,0,0,0,0,0
2019-01-19 23:00:00,2019-01-20 22:59:59,0,0,0,0,0,0,0,0,0,0,0,0
2019-01-18 23:00:00,2019-01-19 22:59:59,0,0,0,0,0,0,0,0,0,0,0,0
2019-01-17 23:00:00,2019-01-18 22:59:59,0,0,0,0,0,0,0,0,0,0,0,0
2019-01-16 23:00:00,2019-01-17 22:59:59,0,0,0,0,0,0,0,0,0,0,0,0
2019-01-15 23:00:00,2019-01-16 22:59:59,0,0,0,0,0,0,0,0,0,0,0,0
2019-01-14 23:00:00,2019-01-15 22:59:59,0,0,0,0,0,0,0,0,0,0,0,0
2019-01-13 23:00:00,2019-01-14 22:59:59,0,0,0,0,0,0,0,0,0,0,0,0
2019-01-12 23:00:00,2019-01-13 22:59:59,0,0,0,0,0,0,0,0,0,0,0,0
2019-01-11 23:00:00,2019-01-12 22:59:59,0,0,0,0,0,0,0,0,0,0,0,0
2019-01-10 23:00:00,2019-01-11 22:59:59,0,0,0,0,0,0,0,0,0,0,0,0
2019-01-09 23:00:00,2019-01-10 22:59:59,0,0,0,0,0,0,0,0,0,0,0,0
2019-01-08 23:00:00,2019-01-09 22:59:59,0,0,0,0,0,0,0,0,0,0,0,0
2019-01-07 23:00:00,2019-01-08 22:59:59,0,0,0,0,0,0,0,0,0,0,0,0
2019-01-06 23:00:00,2019-01-07 22:59:59,0,0,0,0,0,0,0,0,0,0,0,0
2019-01-05 23:00:00,2019-01-06 22:59:59,0,0,0,0,0,0,0,0,0,0,0,0
2019-01-04 23:00:00,2019-01-05 22:59:59,0,0,0,0,0,0,0,0,0,0,0,0
2019-01-03 23:00:00,2019-01-04 22:59:59,0,0,0,0,0,0,0,0,0,0,0,0
2019-01-02 23:00:00,2019-01-03 22:59:59,0,0,0,0,0,0,0,0,0,0,0,0
2019-01-01 23:00:00,2019-01-02 22:59:59,0,0,0,0,0,0,0,0,0,0,0,0
2018-12-31 23:00:00,2019-01-01 22:59:59,0,0,0,0,0,0,0,0,0,0,0,0
2018-12-30 23:00:00,2018-12-31 22:59:59,0,0,0,0,0,0,0,0,0,0,0,0
2018-12-29 23:00:00,2018-12-30 22:59:59,0,0,0,0,0,0,0,0,0,0,0,0
2018-12-28 23:00:00,2018-12-29 22:59:59,0,0,0,0,0,0,0,0,0,0,0,0
2018-12-27 23:00:00,2018-12-28 22:59:59,0,0,0,0,0,0,0,0,0,0,0,0
2018-12-26 23:00:00,2018-12-27 22:59:59,0,0,0,0,0,0,0,0,0,0,0,0
2018-12-25 23:00:00,2018-12-26 22:59:59,0,0,0,0,0,0,0,0,0,0,0,0
2018-12-24 23:00:00,2018-12-25 22:59:59,0,0,0,0,0,0,0,0,0,0,0,0
2018-12-23 23:00:00,2018-12-24 22:59:59,0,0,0,0,0,0,0,0,0,0,0,0
2018-12-22 23:00:00,2018-12-23 22:59:59,0,0,0,0,0,0,0,0,0,0,0,0
2018-12-21 23:00:00,2018-12-22 22:59:59,0,0,0,0,0,0,0,0,0,0,0,0
2018-12-20 23:00:00,2018-12-21 22:59:59,0,0,0,0,0,0,0,0,0,0,0,0
2018-12-19 23:00:00,2018-12-20 22:59:59,0,0,0,0,0,0,0,0,0,0,0,0
2018-12-18 23:00:00,2018-12-19 22:59:59,0,0,0,0,0,0,0,0,0,0,0,0
2018-12-17 23:00:00,2018-12-18 22:59:59,0,0,0,0,0,0,0,0,0,0,0,0
2018-12-16 23:00:00,2018-12-17 22:59:59,0,0,0,0,0,0,0,0,0,0,0,0
2018-12-15 23:00:00,2018-12-16 22:59:59,0,0,0,0,0,0,0,0,0,0,0,0
2018-12-14 23:00:00,2018-12-15 22:59:59,0,0,0,0,0,0,0,0,0,0,0,0
2018-12-13 23:00:00,2018-12-14 22:59:59,0,0,0,0,0,0,0,0,0,0,0,0
2018-12-12 23:00:00,2018-12-13 22:59:59,0,0,0,0,0,0,0,0,0,0,0,0
2018-12-11 23:00:00,2018-12-12 22:59:59,0,0,0,0,0,0,0,0,0,0,0,0
2018-12-10 23:00:00,2018-12-11 22:59:59,0,0,0,0,0,0,0,0,0,0,0,0
2018-12-09 23:00:00,2018-12-10 22:59:59,0,0,0,0,0,0,0,0,0,0,0,0
2018-12-08 23:00:00,2018-12-09 22:59:59,0,0,0,0,0,0,0,0,0,0,0,0
2018-12-07 23:00:00,2018-12-08 22:59:59,0,0,0,0,0,0,0,0,0,0,0,0
2018-12-06 23:00:00,2018-12-07 22:59:59,0,0,0,0,0,0,0,0,0,0,0,0
2018-12-05 23:00:00,2018-12-06 22:59:59,0,0,0,0,0,0,0,0,0,0,0,0
2018-12-04 23:00:00,2018-12-05 22:59:59,0,0,0,0,0,0,0,0,0,0,0,0
2018-12-03 23:00:00,2018-12-04 22:59:59,0,0,0,0,0,0,0,0,0,0,0,0
2018-12-02 23:00:00,2018-12-03 22:59:59,0,0,0,0,0,0,0,0,0,0,0,0
2018-12-01 23:00:00,2018-12-02 22:59:59,0,0,0,0,0,0,0,0,0,0,0,0
2018-11-30 23:00:00,2018-12-01 22:59:59,0,0,0,0,0,0,0,0,0,0,0,0
2018-11-29 23:00:00,2018-11-30 22:59:59,0,0,0,0,0,0,0,0,0,0,0,0
2018-11-28 23:00:00,2018-11-29 22:59:59,0,0,0,0,0,0,0,0,0,0,0,0
2018-11-27 23:00:00,2018-11-28 22:59:59,0,0,0,0,0,0,0,0,0,0,0,0
2018-11-26 23:00:00,2018-11-27 22:59:59,0,0,0,0,0,0,0,0,0,0,0,0
2018-11-25 23:00:00,2018-11-26 22:59:59,0,0,0,0,0,0,0,0,0,0,0,0
2018-11-24 23:00:00,2018-11-25 22:59:59,0,0,0,0,0,0,0,0,0,0,0,0
2018-11-23 23:00:00,2018-11-24 22:59:59,0,0,0,0,0,0,0,0,0,0,0,0
2018-11-22 23:00:00,2018-11-23 22:59:59,0,0,0,0,0,0,0,0,0,0,0,0
2018-11-21 23:00:00,2018-11-22 22:59:59,0,0,0,0,0,0,0,0,0,0,0,0
2018-11-20 23:00:00,2018-11-21 22:59:59,0,0,0,0,0,0,0,0,0,0,0,0
2018-11-19 23:00:00,2018-11-20 22:59:59,0,0,0,0,0,0,0,0,0,0,0,0
2018-11-18 23:00:00,2018-11-19 22:59:59,0,0,0,0,0,0,0,0,0,0,0,0
2018-11-17 23:00:00,2018-11-18 22:59:59,0,0,0,0,0,0,0,0,0,0,0,0
2018-11-16 23:00:00,2018-11-17 22:59:59,0,0,0,0,0,0,0,0,0,0,0,0
2018-11-15 23:00:00,2018-11-16 22:59:59,0,0,0,0,0,0,0,0,0,0,0,0
2018-11-14 23:00:00,2018-11-15 22:59:59,0,0,0,0,0,0,0,0,0,0,0,0
2018-11-13 23:00:00,2018-11-14 22:59:59,0,0,0,0,0,0,0,0,0,0,0,0
2018-11-12 23:00:00,2018-11-13 22:59:59,0,0,0,0,0,0,0,0,0,0,0,0
2018-11-11 23:00:00,2018-11-12 22:59:59,0,0,0,0,0,0,0,0,0,0,0,0
2018-11-10 23:00:00,2018-11-11 22:59:59,0,0,0,0,0,0,0,0,0,0,0,0
2018-11-09 23:00:00,2018-11-10 22:59:59,0,0,0,0,0,0,0,0,0,0,0,0
2018-11-08 23:00:00,2018-11-09 22:59:59,0,0,0,0,0,0,0,0,0,0,0,0
2018-11-07 23:00:00,2018-11-08 22:59:59,0,0,0,0,0,0,0,0,0,0,0,0
2018-11-06 23:00:00,2018-11-07 22:59:59,0,0,0,0,0,0,0,0,0,0,0,0
2018-11-05 23:00:00,2018-11-06 22:59:59,0,0,0,0,0,0,0,0,0,0,0,0
2018-11-04 23:00:00,2018-11-05 22:59:59,0,0,0,0,0,0,0,0,0,0,0,0
2018-11-03 23:00:00,2018-11-04 22:59:59,0,0,0,0,0,0,0,0,0,0,0,0
2018-11-02 23:00:00,2018-11-03 22:59:59,0,0,0,0,0,0,0,0,0,0,0,0
2018-11-01 23:00:00,2018-11-02 22:59:59,0,0,0,0,0,0,0,0,0,0,0,0
2018-10-31 23:00:00,2018-11-01 22:59:59,0,0,0,0,0,0,0,0,0,0,0,0
2018-10-30 23:00:00,2018-10-31 22:59:59,0,0,0,0,0,0,0,0,0,0,0,0
2018-10-29 23:00:00,2018-10-30 22:59:59,0,0,0,0,0,0,0,0,0,0,0,0
2018-10-28 23:00:00,2018-10-29 22:59:59,0,0,0,0,0,0,0,0,0,0,0,0
2018-10-28 00:00:00,2018-10-28 22:59:59,0,0,0,0,0,0,0,0,0,0,0,0
2018-10-27 00:00:00,2018-10-27 23:59:59,0,0,0,0,0,0,0,0,0,0,0,0
2018-10-26 00:00:00,2018-10-26 23:59:59,0,0,0,0,0,0,0,0,0,0,0,0
2018-10-25 00:00:00,2018-10-25 23:59:59,0,0,0,0,0,0,0,0,0,0,0,0
2018-10-24 00:00:00,2018-10-24 23:59:59,280,406,281,27,56,32,5,2,13,1,0,0
2018-10-23 00:00:00,2018-10-23 23:59:59,43,64,14,14,26,19,2,1,0,0,0,0
2018-10-22 00:00:00,2018-10-22 23:59:59,52,76,17,9,23,18,7,2,1,0,0,0
2018-10-21 00:00:00,2018-10-21 23:59:59,37,64,17,14,41,35,5,5,1,0,0,0
2018-10-20 00:00:00,2018-10-20 23:59:59,130,177,115,20,28,21,2,1,4,0,0,0
2018-10-19 00:00:00,2018-10-19 23:59:59,227,343,286,21,27,20,3,4,3,1,0,0
2018-10-18 00:00:00,2018-10-18 23:59:59,236,328,248,22,32,25,2,1,1,0,0,0
2018-10-17 00:00:00,2018-10-17 23:59:59,63,99,18,31,41,30,2,1,1,0,0,0
2018-10-16 00:00:00,2018-10-16 23:59:59,70,115,18,18,45,33,4,4,7,1,0,0
2018-10-15 00:00:00,2018-10-15 23:59:59,51,84,17,16,32,26,4,4,5,2,0,0
2018-10-14 00:00:00,2018-10-14 23:59:59,53,91,29,29,42,31,5,5,1,0,0,0
2018-10-13 00:00:00,2018-10-13 23:59:59,44,64,16,24,29,23,1,1,0,0,0,0
2018-10-12 00:00:00,2018-10-12 23:59:59,50,70,14,19,33,24,3,4,2,0,0,0
2018-10-11 00:00:00,2018-10-11 23:59:59,41,67,21,20,30,26,2,0,5,0,0,0
2018-10-10 00:00:00,2018-10-10 23:59:59,39,63,17,13,25,21,2,2,3,1,0,0
2018-10-09 00:00:00,2018-10-09 23:59:59,51,77,15,26,43,27,6,2,5,0,0,0
2018-10-08 00:00:00,2018-10-08 23:59:59,48,76,16,15,41,26,0,1,4,0,0,0
2018-10-07 00:00:00,2018-10-07 23:59:59,56,85,14,30,45,30,3,3,5,2,0,0
2018-10-06 00:00:00,2018-10-06 23:59:59,62,93,22,22,58,32,3,3,0,0,0,0
2018-10-05 00:00:00,2018-10-05 23:59:59,67,92,20,14,30,25,7,4,2,0,0,0
2018-10-04 00:00:00,2018-10-04 23:59:59,124,169,18,33,52,34,5,4,12,2,0,0
2018-10-03 00:00:00,2018-10-03 23:59:59,61,94,17,22,34,28,3,2,0,0,0,0
2018-10-02 00:00:00,2018-10-02 23:59:59,67,101,15,14,26,25,4,3,4,0,0,0
2018-10-01 00:00:00,2018-10-01 23:59:59,389,492,150,28,41,31,2,3,14,0,0,0
